"","time","opt_in","variable","n","mean","sd"
"1","1","0","Feedback Viewing",176,0.670454545454545,0.471389215200976
"2","1","1","Feedback Viewing",186,0.795698924731183,0.404278196561543
"3","2","0","Feedback Viewing",177,0.564971751412429,0.497167116011244
"4","2","1","Feedback Viewing",190,0.715789473684211,0.452229231911747
"5","3","0","Feedback Viewing",175,0.651428571428571,0.477885325403965
"6","3","1","Feedback Viewing",187,0.935828877005348,0.245715397525247
"7","4","0","Feedback Viewing",175,0.56,0.497811301553132
"8","4","1","Feedback Viewing",190,0.710526315789474,0.454716304186724
