"","time","variable","n","mean","sd"
"1","1","Feedback Viewing",362,0.734806629834254,0.442047102891491
"2","2","Feedback Viewing",367,0.643051771117166,0.479753414623057
"3","3","Feedback Viewing",362,0.798342541436464,0.401793091571421
"4","4","Feedback Viewing",365,0.638356164383562,0.481135943237831
