"","time","viewed","variable","n","mean","sd","median","MAD","Q1","Q3","IQR","min","max"
"1","1","0","Subsequent Score",58,65.6759545924561,17.0653389572356,68.23529412,19.622647062312,52.05882353,78.82352941,26.76470588,27.05882353,96.76470588
"2","1","1","Subsequent Score",118,77.6952332656034,13.8827400336314,82.05882353,11.773588234422,68.6764705875,88.82352941,20.1470588225,30.29411765,95.88235294
"3","2","0","Subsequent Score",77,72.3719618055556,13.4463594276873,73.75,15.752625,61.484375,82.96875,21.484375,40.3125,95.9375
"4","2","1","Subsequent Score",100,79.640625,14.6527282226052,83.28125,15.05765625,71.25,91.5625,20.3125,27.5,99.375
"5","3","0","Subsequent Score",61,70.7280617165574,14.3426319618058,70.88235294,16.570235296734,61.47058824,82.05882353,20.58823529,37.64705882,97.64705882
"6","3","1","Subsequent Score",114,79.9679144389091,15.6263138785429,84.70588235,13.953882351633,68.3823529425,92.35294118,23.9705882375,30.58823529,100
"7","4","0","Subsequent Score",77,73.3083333333333,12.9262311108839,75.625,13.899375,62.65625,84.375,21.71875,36.875,98.125
"8","4","1","Subsequent Score",98,80.7286184210526,13.9525773739044,83.125,12.046125,75,91.71875,16.71875,37.5,100
