"","viewed","variable","n","mean","sd","median","MAD","Q1","Q3","IQR","min","max"
"1","0","Subsequent Score",273,70.8182921753962,14.5643183465005,71.25,15.752625,61.25,82.35294118,21.10294118,27.05882353,98.125
"2","1","Subsequent Score",430,79.435626833943,14.5471563014881,83.52941176,13.109018375376,70.58823529,90.9375,20.34926471,27.5,100
