"","time","variable","n","mean","sd","median","MAD","Q1","Q3","IQR","min","max"
"1","1","Subsequent Score",362,73.4130755366574,16.1352942379035,76.47058824,15.698117640954,63.970588235,86.029411765,22.05882353,21.76470588,98.52941176
"2","2","Subsequent Score",367,77.3450557103064,14.3956430800392,80.625,14.3626875,69.375,88.125,18.75,26.5625,99.375
"3","3","Subsequent Score",362,78.7134406837039,16.3307762299963,83.52941176,13.953882359046,69.1176470575,91.17647059,22.0588235325,2.352941176,100
"4","4","Subsequent Score",365,79.5321229050279,13.8711893102524,82.1875,13.4360625,71.25,90,18.75,20.9375,100
