"","time","viewed","variable","n","mean","sd","median","MAD","Q1","Q3","IQR","min","max"
"1","1","0","Subsequent Score",96,66.9349845202105,16.9970819019874,70.58823529,16.570235296734,54.411764705,79.11764706,24.705882355,27.05882353,96.76470588
"2","1","1","Subsequent Score",266,75.7442067736364,15.1828462361938,78.82352941,14.171911765578,67.2794117675,87.94117647,20.6617647025,21.76470588,98.52941176
"3","2","0","Subsequent Score",131,72.2325,14.8978192877767,73.75,15.752625,61.875,84.375,22.5,26.5625,95.9375
"4","2","1","Subsequent Score",236,80.0761217948718,13.3709318327596,83.75,12.74109375,72.1875,90.625,18.4375,27.5,99.375
"5","3","0","Subsequent Score",73,70.9508460919178,15.3475625200451,71.76470588,15.26205882789,61.47058824,82.05882353,20.58823529,31.17647059,100
"6","3","1","Subsequent Score",289,80.7017543861614,16.0022967141812,85.88235294,12.209647062312,72.94117647,92.64705882,19.70588235,2.352941176,100
"7","4","0","Subsequent Score",132,74.129638671875,13.3916524041285,75.625,14.59434375,64.84375,84.4921875,19.6484375,36.875,98.125
"8","4","1","Subsequent Score",233,82.538722826087,13.2328131727796,85.625,12.046125,76.5625,92.5,15.9375,20.9375,100
